Nombre,Indice,Valido desde,Grupo de impuesto
Adquisición Bienes Inversión 21%,21,2012-09-01,IVA Normal Bienes Inversión
Adquisición Bienes Inversión 21% -1%R,0,2012-09-01,IVA Normal Bienes Inversión
Adquisición Bienes Inversión 21% -1%R (-1%),-1,2012-09-01,IVA Normal Bienes Inversión
Adquisición Bienes Inversión 21% -1%R (+21%),21,2012-09-01,IVA Normal Bienes Inversión
Adquisición B.Inmuebles 10%,10,2012-09-01,IVA Reducido B.Inmuebles
Adquisición B.Inmuebles 21%,21,2012-09-01,IVA Normal B.Inmuebles
"Adquisiciones a Canarias,Ceuta y Melilla 10%",10,2012-09-01,IVA Reducido
"Adquisiciones a Canarias,Ceuta y Melilla 21%",21,2012-09-01,IVA Normal
"Adquisiciones a Canarias,Ceuta y Melilla 4%",4,2001-01-01,IVA Super Reducido
Adquisiciones IGIC 0%,0,2012-07-01,IGIC Exento
Adquisiciones IGIC 15%,15,2020-01-01,IGIC Incrementado 2
Adquisiciones IGIC 3%,3,2012-07-01,IGIC Reducido
Adquisiciones IGIC 7%,7,2020-01-01,IGIC General
Adquisiciones IGIC 9.5%,9.5,2012-07-01,IGIC Incrementado 1
Adquisiciones IGIC Implícito 70% s15%,15,2020-01-01,IGIC Incrementado 2
Adquisiciones IGIC Implícito 70% s15% (10.5%),10.5,2020-01-01,IGIC Incrementado 2
Adquisiciones IGIC Implícito 70% s15% (4.5%),4.5,2020-01-01,IGIC Incrementado 2
Adquisiciones IGIC Implícito 70% s3%,3,2018-01-01,IGIC Reducido
Adquisiciones IGIC Implícito 70% s3% (0.9%),0.9,2018-01-01,IGIC Reducido
Adquisiciones IGIC Implícito 70% s3% (2.1%),2.1,2018-01-01,IGIC Reducido
Adquisiciones IGIC Implícito 70% s7%,7,2020-01-01,IGIC General
Adquisiciones IGIC Implícito 70% s7% (2.1%),2.1,2020-01-01,IGIC General
Adquisiciones IGIC Implícito 70% s7% (4.9%),4.9,2020-01-01,IGIC General
Adquisiciones IGIC Implícito 70% s9.5%,9.5,2018-01-01,IGIC Incrementado 1
Adquisiciones IGIC Implícito 70% s9.5% (2.85%),2.85,2018-01-01,IGIC Incrementado 1
Adquisiciones IGIC Implícito 70% s9.5% (6.65%),6.65,2018-01-01,IGIC Incrementado 1
Adquisiciones interiores exentas (art 20),0,2000-01-01,Exento
Adquisiciones interiores exentas (art 22),0,2001-01-01,Exento
Adquisiciones intracomunitarias 10%,0,2012-09-01,IVA Reducido
Adquisiciones intracomunitarias 10% (+10%),10,2012-09-01,IVA Reducido
Adquisiciones intracomunitarias 10% (-10%),-10,2012-09-01,IVA Reducido
Adquisiciones intracomunitarias 2%,0,2024-10-01,IVA Super Reducido 2%
Adquisiciones intracomunitarias 21%,0,2012-09-01,IVA Normal
Adquisiciones intracomunitarias 21% (+21%),21,2012-09-01,IVA Normal
Adquisiciones intracomunitarias 21% (-21%),-21,2012-09-01,IVA Normal
Adquisiciones intracomunitarias 21% (+21%) ISP,21,2012-09-01,IVA Normal ISP
Adquisiciones intracomunitarias 21% (-21%) ISP,-21,2012-09-01,IVA Normal ISP
Adquisiciones Intracomunitarias 21% ISP,0,2012-09-01,IVA Normal ISP
Adquisiciones intracomunitarias 2% (+2%),10,2024-10-01,IVA Super Reducido 2%
Adquisiciones intracomunitarias 2% (-2%),-2,2024-10-01,IVA Super Reducido 2%
Adquisiciones intracomunitarias 4%,0,2000-01-01,IVA Super Reducido
Adquisiciones intracomunitarias 4% (+4%),4,2000-01-01,IVA Super Reducido
Adquisiciones intracomunitarias 4% (-4%),-4,2000-01-01,IVA Super Reducido
Adquisiciones intracomunitarias 5%,0,9999-01-01,IVA Super Reducido
Adquisiciones intracomunitarias 5% (+5%),5,9999-01-01,IVA Super Reducido
Adquisiciones intracomunitarias 5% (-5%),-5,9999-01-01,IVA Super Reducido
Adquisiciones intracomunitarias 7.5%,0,2024-10-01,IVA Reducido 7.5%
Adquisiciones intracomunitarias 7.5% (+7.5%),7.5,2024-10-01,IVA Reducido 7.5%
Adquisiciones intracomunitarias 7.5% (-7.5%),-7.5,2024-10-01,IVA Reducido 7.5%
Adquisiciones intracomunitarias Bienes Inversión 21%,0,2012-09-01,IVA Normal Bienes Inversión
Adquisiciones intracomunitarias Bienes Inversión 21% (+21%),21,2012-09-01,IVA Normal Bienes Inversión
Adquisiciones intracomunitarias Bienes Inversión 21% (-21%),-21,2012-09-01,IVA Normal Bienes Inversión
Adquisiciones intracomunitarias exentas,0,2012-09-01,Exento
Adquisiciones IPSI 10%,10,2012-07-01,IPSI Incrementado 1
Adquisiciones IPSI 4%,4,2012-07-01,IPSI General
Adquisiciones IVA 0%,0,9999-01-01,IVA Cero
Adquisiciones IVA 0+RE 0+0%,0,9999-01-01,IVA Cero
Adquisiciones IVA 0+RE 0+0% (0% IVA),0,9999-01-01,IVA Cero
Adquisiciones IVA 0+RE 0+0% (0% RE),0,9999-01-01,IVA Cero
Adquisiciones IVA 10%,10,2012-09-01,IVA Reducido
Adquisiciones IVA 10% -2%R,0,2012-09-01,IVA Reducido
Adquisiciones IVA 10% -2%R (10%),10,2012-09-01,IVA Reducido
Adquisiciones IVA 10% -2%R (-2%),-2,2012-09-01,IVA Reducido
Adquisiciones IVA 2%,2,2024-10-01,IVA Super Reducido 2%
Adquisiciones IVA 21%,21,2012-09-01,IVA Normal
Adquisiciones IVA 4%,4,2000-01-01,IVA Super Reducido
Adquisiciones IVA 4% -2%R,0,2012-09-01,IVA Super Reducido
Adquisiciones IVA 4% -2%R (-2%),-2,2012-09-01,IVA Super Reducido
Adquisiciones IVA 4% -2%R (4%),4,2012-09-01,IVA Super Reducido
Adquisiciones IVA 5%,5,9999-01-01,IVA Reducido
Adquisiciones IVA 7.5%,7.5,2024-10-01,IVA Reducido 7.5%
Adquisiciones IVA+RE 10+1.4% ,11.4,2012-09-01,IVA Reducido
Adquisiciones IVA+RE 10+1.4% (+10%),10,2012-09-01,IVA Reducido
Adquisiciones IVA+RE 10+1.4% (+1.4%),1.4,2012-09-01,IVA Reducido
Adquisiciones IVA+RE 2+0.26%,2.26,2024-10-01,IVA Super Reducido 2%
Adquisiciones IVA+RE 2+0.26% (+0.26%),0.26,2024-10-01,IVA Super Reducido 2%
Adquisiciones IVA+RE 2+0.26% (+2%),2,2024-10-01,IVA Super Reducido 2%
Adquisiciones IVA+RE 21+1.75%,22.75,9999-01-01,IVA Normal
Adquisiciones IVA+RE 21+1.75% (+1.75%),1.75,9999-01-01,IVA Normal
Adquisiciones IVA+RE 21+1.75% (+21%),21,9999-01-01,IVA Normal
Adquisiciones IVA+RE 21+5.2%,26.2,2012-09-01,IVA Normal
Adquisiciones IVA+RE 21+5.2% (+21%),21,2012-09-01,IVA Normal
Adquisiciones IVA+RE 21+5.2% (+5.2%),5.2,2012-09-01,IVA Normal
"Adquisiciones IVA+RE 4+0,5% ",4.5,2000-01-01,IVA Super Reducido
"Adquisiciones IVA+RE 4+0,5% (+0,5%)",0.5,2000-01-01,IVA Super Reducido
"Adquisiciones IVA+RE 4+0,5% (+4%)",4,2000-01-01,IVA Super Reducido
Adquisiciones IVA+RE 5+0.62%,5.62,9999-01-01,IVA Super Reducido
Adquisiciones IVA+RE 5+0.62% (+0.62%),0.62,9999-01-01,IVA Super Reducido
Adquisiciones IVA+RE 5+0.62% (+5%),5,9999-01-01,IVA Super Reducido
Adquisiciones IVA+RE 7.5+1%,8.5,2024-10-01,IVA Reducido 7.5%
Adquisiciones IVA+RE 7.5+1% (+1%),1,2024-10-01,IVA Reducido 7.5%
Adquisiciones IVA+RE 7.5+1% (+7.5%),7.5,2024-10-01,IVA Reducido 7.5%
Adquisiciones no sujetas,0,2001-01-01,No Sujeto Bienes
Adquisiciones REBU Exentas,0,2017-01-01,Exento
Arrendamiento 21% (cobros),21,2012-09-01,IVA Normal
Arrendamiento 21% (pagos),21,2012-09-01,IVA Normal
Arrendamientos 0% - 19%R (cobros),0,2016-01-01,Exento
Arrendamientos 0% -19%R (cobros) (+0%),0,2016-01-01,Exento
Arrendamientos 0% -19%R (cobros) (-19%),-19,2016-01-01,Exento
Arrendamientos 0% - 19%R (pagos),0,2016-01-01,Exento
Arrendamientos 0% -19%R (pagos) (+0%),0,2016-01-01,Exento
Arrendamientos 0% -19%R (pagos) (-19%),-19,2016-01-01,Exento
Arrendamientos 21% -19%R (cobros),21,2016-01-01,IVA Normal
Arrendamientos 21% -19%R (cobros) (-19%),-19,2016-01-01,IVA Normal
Arrendamientos 21% -19%R (cobros) (+21%),21,2016-01-01,IVA Normal
Arrendamientos 21% -19%R (pagos),21,2016-01-01,IVA Normal
Arrendamientos 21% -19%R (pagos) (-19%),-19,2016-01-01,IVA Normal
Arrendamientos 21% -19%R (pagos) (+21%),21,2016-01-01,IVA Normal
Arrendamientos 21% -24%R (pagos) (21%). No Residentes,21,2012-09-01,IVA Normal
Arrendamientos 21% -24%R (pagos) (-24%). No Residentes,-24,2012-09-01,IVA Normal
Arrendamientos 21% -24%R (pagos). No Residentes,0,2012-09-01,IVA Normal
Arrendamientos en Canarias 7%,7,2020-01-01,IGIC General
Arrendamientos en Canarias 7% -19%R (pagos),7,2020-01-01,IGIC General
Arrendamientos en Canarias 7% -19%R (pagos) (-19%),-19,2020-01-01,IGIC General
Arrendamientos en Canarias 7% -19%R (pagos) (7%),7,2020-01-01,IGIC General
Arrendamientos en Canarias 7% -21%R (pagos),7,2020-01-01,IGIC General
Arrendamientos en Canarias 7% -21%R (pagos) (-21%),-21,2020-01-01,IGIC General
Arrendamientos en Canarias 7% -21%R (pagos) (7%),7,2020-01-01,IGIC General
Arrendamientos en Guipúzcoa 21% - 19%R (pagos),0,2016-01-01,IVA Normal
Arrendamientos en Guipúzcoa 21% -19%R (pagos) (-19%),-19,2016-01-01,IVA Normal
Arrendamientos en Guipúzcoa 21% -19%R (pagos) (+21%),21,2016-01-01,IVA Normal
Arrendamientos en Navarra 21% - 19%R (pagos),0,2016-01-01,IVA Normal
Arrendamientos en Navarra 21% -19%R (pagos) (-19%),-19,2016-01-01,IVA Normal
Arrendamientos en Navarra 21% -19%R (pagos) (+21%),21,2016-01-01,IVA Normal
Compensación REAGYP 10.5% -2%R (10.5%) (sobre BI) SR,10.5,2016-01-01,IVA Super Reducido
Compensación REAGYP 10.5% -2%R (-2%) (sobre BI) SR,-2,2016-01-01,IVA Super Reducido
Compensación REAGYP 10.5% -2%R (sobre BI) SR,0,2016-01-01,IVA Super Reducido
Compensación REAGYP 12% -2%R (12%) (sobre BI) SR,12,2016-01-01,IVA Super Reducido
Compensación REAGYP 12% -2%R (12%) (sobre bruto) SR,12,2016-01-01,IVA Super Reducido
Compensación REAGYP 12% -2%R (-2%) (sobre BI) SR,-2,2016-01-01,IVA Super Reducido
Compensación REAGYP 12% -2%R (-2%) (sobre bruto) SR,-2,2016-01-01,IVA Super Reducido
Compensación REAGYP 12% -2%R (sobre BI) SR,0,2016-01-01,IVA Super Reducido
Compensación REAGYP 12% -2%R (sobre bruto) SR,0,2016-01-01,IVA Super Reducido
"Entregas a Canarias,Ceuta y Melilla (%N=>0%)",0,2001-01-01,IVA Normal
"Entregas a Canarias, Ceuta y Melilla (%N=>0%) ISP",0,2015-04-01,IVA Normal ISP
"Entregas a Canarias,Ceuta y Melilla (%R=>0%)",0,2001-01-01,IVA Reducido
"Entregas a Canarias,Ceuta y Melilla (%SR=>0%)",0,2001-01-01,IVA Super Reducido
Entregas Bienes Inversión 21%,21,2012-09-01,IVA Normal Bienes Inversión
Entregas Exentas,0,2000-01-01,Exento
Entregas IGIC 15%,15,2020-01-01,IGIC Incrementado 2
Entregas IGIC 3%,3,2012-07-01,IGIC Reducido
Entregas IGIC 7%,7,2020-01-01,IGIC General
Entregas IGIC 9.5%,9.5,2012-07-01,IGIC Incrementado 1
Entregas IGIC Exentas,0,2018-01-01,IGIC Exento
Entregas IGIC Tipo 0%,0,2018-01-01,IGIC Tipo Cero
Entregas intracomunitarias Bienes Inversión (%N=>0%),0,2010-07-01,IVA Normal Bienes Inversión
Entregas intracomunitarias (%N=>0%),0,2000-01-01,IVA Normal
Entregas intracomunitarias (%N=>0%) ISP,0,2000-01-01,IVA Normal ISP
Entregas intracomunitarias (%R=>0%),0,2000-01-01,IVA Reducido
Entregas intracomunitarias (%SR=>0%),0,2000-01-01,IVA Super Reducido
Entregas IPSI 10%,10,2012-07-01,IPSI Incrementado 1
Entregas IPSI 4%,4,2012-07-01,IPSI General
Entregas IVA 0%,0,9999-01-01,IVA Cero
Entregas IVA 0+RE 0+0%,0,9999-01-01,IVA Cero
Entregas IVA 0+RE 0+0% (+0% IVA),0,9999-01-01,IVA Cero
Entregas IVA 0+RE 0+0% (+0% RE),0,9999-01-01,IVA Cero
Entregas IVA 10%,10,2012-09-01,IVA Reducido
Entregas IVA 10% Revendedores,10,2012-09-01,IVA Reducido
Entregas IVA 2%,2,2024-10-01,IVA Super Reducido 2%
Entregas IVA 21%,21,2012-09-01,IVA Normal
Entregas IVA 21% ISP,21,2012-09-01,IVA Normal ISP
Entregas IVA 21% Revendedores,21,2012-09-01,IVA Normal
Entregas IVA 4%,4,2000-01-01,IVA Super Reducido
Entregas IVA 4% Revendedores,4,2000-01-01,IVA Super Reducido
Entregas IVA 5%,5,9999-01-01,IVA Super Reducido
Entregas IVA 7.5%,7.5,2024-10-01,IVA Reducido 7.5%
Entregas IVA+RE 10+1.4% ,11.4,2012-09-01,IVA Reducido
Entregas IVA+RE 10+1.4% (+10%),10,2012-09-01,IVA Reducido
Entregas IVA+RE 10+1.4% (+1.4%),1.4,2012-09-01,IVA Reducido
Entregas IVA+RE 2+0.26%,2.26,2024-10-01,IVA Super Reducido 2%
Entregas IVA+RE 2+0.26% (+0.26%),0.26,2024-10-01,IVA Super Reducido 2%
Entregas IVA+RE 2+0.26% (+2%),2,2024-10-01,IVA Super Reducido 2%
Entregas IVA+RE 21+1.75%,22.75,9999-01-01,IVA Normal
Entregas IVA+RE 21+1.75% (+1.75%),1.75,9999-01-01,IVA Normal
Entregas IVA+RE 21+1.75% (+21%),21,9999-01-01,IVA Normal
Entregas IVA+RE 21+5.2% ,26.2,2012-09-01,IVA Normal
Entregas IVA+RE 21+5.2% (+21%),21,2012-09-01,IVA Normal
Entregas IVA+RE 21+5.2% (+21%) ISP,21,2012-09-01,IVA Normal
Entregas IVA+RE 21+5.2% (+21%) IVA Normal ISP,21,2012-09-01,IVA Normal ISP
Entregas IVA+RE 21+5.2% (+5.2%),5.2,2012-09-01,IVA Normal
Entregas IVA+RE 21+5.2% (+5.2%) ISP,5.2,2012-09-01,IVA Normal
Entregas IVA+RE 21+5.2% (+5.2%) IVA Normal ISP,5.2,2012-09-01,IVA Normal ISP
Entregas IVA+RE 21+5.2% ISP,26.2,2012-09-01,IVA Normal
Entregas IVA+RE 21+5.2% IVA Normal ISP,26.2,2012-09-01,IVA Normal ISP
"Entregas IVA+RE 4+0,5% ",4.5,2000-01-01,IVA Super Reducido
"Entregas IVA+RE 4+0,5% (+0,5%)",0.5,2000-01-01,IVA Super Reducido
"Entregas IVA+RE 4+0,5% (+4%)",4,2000-01-01,IVA Super Reducido
Entregas IVA+RE 5+0.62% ,5.62,9999-01-01,IVA Super Reducido
Entregas IVA+RE 5+0.62% (+0.62%),0.62,9999-01-01,IVA Super Reducido
Entregas IVA+RE 5+0.62% (+5%),5,9999-01-01,IVA Super Reducido
Entregas IVA+RE 7.5+1%,8.5,2024-10-01,IVA Reducido 7.5%
Entregas IVA+RE 7.5+1% (+1%),1,2024-10-01,IVA Reducido 7.5%
Entregas IVA+RE 7.5+1% (+7.5%),7.5,2024-10-01,IVA Reducido 7.5%
Entregas no sujetas con dcho deducción,0,2001-01-01,No Sujeto Bienes
Entregas sin IVA por ISP,0,2015-04-01,IVA Normal ISP
Entregas sin IVA por ISP con RE,0,2015-04-01,IVA Normal ISP
Exenciones relativas a regímenes aduaneros y fiscales,0,2014-01-01,Exento
Exportaciones Bienes Inversión (%N=>0%),0,2010-07-01,IVA Normal Bienes Inversión
Exportaciones (%N=>0%),0,2000-01-01,IVA Normal
Exportaciones (%N=>0%) ISP,0,2000-01-01,IVA Normal ISP
Exportaciones (%R=>0%),0,2000-01-01,IVA Reducido
Exportaciones (%SR=>0%),0,2000-01-01,IVA Super Reducido
Importaciones 10%,10,2012-09-01,IVA Reducido
Importaciones 10%=0%,0,2012-09-01,IVA Reducido
Importaciones 21%,21,2012-09-01,IVA Normal
Importaciones 21%=0%,0,2012-09-01,IVA Normal
Importaciones 21%=0% ISP,0,2012-09-01,IVA Normal ISP
Importaciones 21% ISP,21,2012-09-01,IVA Normal ISP
Importaciones 4%,4,2001-01-01,IVA Super Reducido
Importaciones 4%=0%,0,2001-01-01,IVA Super Reducido
Importaciones Bienes Inversión 21%,21,2012-09-01,IVA Normal Bienes Inversión
Importaciones Bienes Inversión 21%=0%,0,2012-09-01,IVA Normal Bienes Inversión
Importaciones exentas,0,2001-01-01,Exento
Intereses 0% -19%R,0,2016-01-01,Exento Servicios
Intereses 0% -19%R (0%),0,2016-01-01,Exento Servicios
Intereses 0% -19%R (-19%),-19,2016-01-01,Exento Servicios
Inversión Sujeto Pasivo Nacional 21%,0,2015-04-01,IVA Normal ISP
Inversión Sujeto Pasivo Nacional 21% (+21%),21,2015-04-01,IVA Normal ISP
Inversión Sujeto Pasivo Nacional 21% (-21%),-21,2015-04-01,IVA Normal ISP
Inversión Sujeto Pasivo no UE 10%,0,2012-09-01,IVA Reducido Servicios
Inversión Sujeto Pasivo no UE 10% (+10%),10,2012-09-01,IVA Reducido Servicios
Inversión Sujeto Pasivo no UE 10% (-10%),-10,2012-09-01,IVA Reducido Servicios
Inversión Sujeto Pasivo no UE 21%,0,2012-09-01,IVA Normal Servicios
Inversión Sujeto Pasivo no UE 21% (+21%),21,2012-09-01,IVA Normal Servicios
Inversión Sujeto Pasivo no UE 21% (-21%),-21,2012-09-01,IVA Normal Servicios
Inversión Sujeto Pasivo no UE 21% -24%R,0,2015-01-01,IVA Normal Servicios
Inversión Sujeto Pasivo no UE 21% -24%R (+21%),21,2015-01-01,IVA Normal Servicios
Inversión Sujeto Pasivo no UE 21% -24%R (-21%),-21,2015-01-01,IVA Normal Servicios
Inversión Sujeto Pasivo no UE 21% -24%R (-24%),-24,2015-01-01,IVA Normal Servicios
Inversión Sujeto Pasivo no UE 21% -7%R,0,2015-01-01,IVA Normal Servicios
Inversión Sujeto Pasivo no UE 21% -7%R (+21%),21,2015-01-01,IVA Normal Servicios
Inversión Sujeto Pasivo no UE 21% -7%R (-21%),-21,2015-01-01,IVA Normal Servicios
Inversión Sujeto Pasivo no UE 21% -7%R (-7%),-7,2015-01-01,IVA Normal Servicios
Inversión Sujeto Pasivo no UE exento,0,2012-09-01,Exento Servicios
Inversión Sujeto Pasivo UE 10%,0,2012-09-01,IVA Reducido Servicios
Inversión Sujeto Pasivo UE 10% (+10%),10,2012-09-01,IVA Reducido Servicios
Inversión Sujeto Pasivo UE 10% (-10%),-10,2012-09-01,IVA Reducido Servicios
Inversión Sujeto Pasivo UE 21%,0,2012-09-01,IVA Normal Servicios
Inversión Sujeto Pasivo UE 21% (+21%),21,2012-09-01,IVA Normal Servicios
Inversión Sujeto Pasivo UE 21% (-21%),-21,2012-09-01,IVA Normal Servicios
Inversión Sujeto Pasivo UE exento,0,2012-09-01,Exento Servicios
No declarable devoluciones de cliente,0,2014-01-01,No declarable SII
No declarable gastos de empleado,0,2017-07-01,No declarable SII
Prestación servicios agencias publicidad 21% -24%R,21,2016-01-01,IVA Normal Servicios
Prestación servicios agencias publicidad 21% -24%R (+21%),21,2016-01-01,IVA Normal Servicios
Prestación servicios agencias publicidad 21% -24%R (-24%),-24,2016-01-01,IVA Normal Servicios
Prestación servicios Bienes Inversión 21% -15%R,0,2015-07-12,IVA Normal Bienes Inversión
Prestación servicios Bienes Inversión 21% -15%R (-15%),-15,2015-07-12,IVA Normal Bienes Inversión
Prestación servicios Bienes Inversión 21% -15%R (+21%),21,2015-07-12,IVA Normal Bienes Inversión
Prestación servicios Bienes Inversión 21%-7%R,0,2015-07-12,IVA Normal Bienes Inversión
Prestación servicios Bienes Inversión 21%-7%R (+21%),21,2015-07-12,IVA Normal Bienes Inversión
Prestación servicios Bienes Inversión 21%-7%R (-7%),-7,2015-07-12,IVA Normal Bienes Inversión
Prestación servicios divulgación nacional 0% -15%R,0,2015-01-01,Exento Servicios
Prestación servicios divulgación nacional 0% -15%R (0%),0,2015-01-01,Exento Servicios
Prestación servicios divulgación nacional 0% -15%R (-15%),-15,2015-01-01,Exento Servicios
Prestación servicios en Canarias 0%,0,2016-01-01,IGIC Exento Servicios
Prestación servicios en Canarias 0% -15%R,0,2015-07-12,IGIC Exento Servicios
Prestación servicios en Canarias 0% -15%R (0%),0,2015-07-12,IGIC Exento Servicios
Prestación servicios en Canarias 0% -15%R (-15%),-15,2015-07-12,IGIC Exento Servicios
Prestación servicios en Canarias 0% -7%R,0,2016-01-01,IGIC Exento Servicios
Prestación servicios en Canarias 0% -7%R (0%),0,2016-01-01,IGIC Exento Servicios
Prestación servicios en Canarias 0% -7%R (-7%),-7,2016-01-01,IGIC Exento Servicios
Prestación servicios en Canarias 15%,15,2020-01-01,IGIC Incrementado 2 Servicios
Prestación servicios en Canarias 3%,3,2012-07-01,IGIC Reducido Servicios
Prestación servicios en Canarias 3% -21%R,3,2012-07-01,IGIC Reducido Servicios
Prestación servicios en Canarias 3% -21%R (-21%),-21,2012-07-01,IGIC Reducido Servicios
Prestación servicios en Canarias 3% -21%R (+3%),3,2012-07-01,IGIC Reducido Servicios
Prestación servicios en Canarias 7%,7,2020-01-01,IGIC General Servicios
Prestación servicios en Canarias 7% -15%R,7,2020-01-01,IGIC General Servicios
Prestación servicios en Canarias 7% -15%R (-15%),-15,2020-01-01,IGIC General Servicios
Prestación servicios en Canarias 7% -15%R (+7%),7,2020-01-01,IGIC General Servicios
Prestación servicios en Canarias 7% -19%R,7,2020-01-01,IGIC General Servicios
Prestación servicios en Canarias 7% -19%R (-19%),-19,2020-01-01,IGIC General Servicios
Prestación servicios en Canarias 7% -19%R (+7%),7,2020-01-01,IGIC General Servicios
Prestación servicios en Canarias 7% -21%R,7,2020-01-01,IGIC General Servicios
Prestación servicios en Canarias 7% -21%R (-21%),-21,2020-01-01,IGIC General Servicios
Prestación servicios en Canarias 7% -21%R (+7%),7,2020-01-01,IGIC General Servicios
Prestación servicios en Canarias 9.5%,9.5,2012-07-01,IGIC Incrementado 1 Servicios
Prestación servicios en Ceuta/Melilla 0%,0,2012-07-01,IPSI Exento Servicios
Prestación servicios en Ceuta/Melilla 0%-7.5%R,0,2015-07-12,IPSI Exento Servicios
Prestación servicios en Ceuta/Melilla 0%-7.5%R (+0%),0,2015-07-12,IPSI Exento Servicios
Prestación servicios en Ceuta/Melilla 0%-7.5%R (-7.5%),-7.5,2015-07-12,IPSI Exento Servicios
Prestación servicios en Ceuta/Melilla 0% -9.5%R,0,2015-01-01,IPSI Exento Servicios
Prestación servicios en Ceuta/Melilla 0% -9.5%R (+0%),0,2015-01-01,IPSI Exento Servicios
"Prestación servicios en Ceuta/Melilla 0% -9.5%R (-9,5%)",-9.5,2015-01-01,IPSI Exento Servicios
Prestación servicios en Ceuta/Melilla 10%,10,2012-07-01,IPSI Incrementado 1 Servicios
Prestación servicios en Ceuta/Melilla 4%,4,2012-07-01,IPSI General Servicios
"Prestación servicios en Ceuta/Melilla 4% -10,5%R",4,2012-07-01,IPSI General Servicios
"Prestación servicios en Ceuta/Melilla 4% -10,5%R (-10,5%)",-10.5,2012-07-01,IPSI General Servicios
"Prestación servicios en Ceuta/Melilla 4% -10,5%R (+4%)",4,2012-07-01,IPSI General Servicios
"Prestación servicios en Ceuta/Melilla 4% -3,5%R",4,2015-07-12,IPSI General Servicios
"Prestación servicios en Ceuta/Melilla 4% -3,5%R (-3,5%)",-3.5,2015-07-12,IPSI General Servicios
"Prestación servicios en Ceuta/Melilla 4% -3,5%R (+4%)",4,2015-07-12,IPSI General Servicios
"Prestación servicios en Ceuta/Melilla 4% -4,5%R",4,2012-07-01,IPSI General Servicios
"Prestación servicios en Ceuta/Melilla 4% -4,5%R (+4%)",4,2012-07-01,IPSI General Servicios
"Prestación servicios en Ceuta/Melilla 4% -4,5%R (-4,5%)",-4.5,2012-07-01,IPSI General Servicios
"Prestación servicios en Ceuta/Melilla 4% -7,5%R",4,2015-07-12,IPSI General Servicios
"Prestación servicios en Ceuta/Melilla 4% -7,5%R (+4%)",4,2015-07-12,IPSI General Servicios
"Prestación servicios en Ceuta/Melilla 4% -7,5%R (-7,5%)",-7.5,2015-07-12,IPSI General Servicios
"Prestación servicios en Ceuta/Melilla 4% -9,5%R",4,2015-01-01,IPSI General Servicios
"Prestación servicios en Ceuta/Melilla 4% -9,5%R (+4%)",4,2015-01-01,IPSI General Servicios
"Prestación servicios en Ceuta/Melilla 4% -9,5%R (-9,5%)",-9.5,2015-01-01,IPSI General Servicios
Prestación servicios exenta por suplido,0,2012-07-01,Exento servicios por suplido
Prestación servicios interiores exentos (art 20),0,2001-01-01,Exento Servicios
Prestación servicios interiores exentos (art 22),0,2001-01-01,Exento Servicios
Prestación servicios nacional 0% -19%R,0,2015-01-01,Exento Servicios
Prestación servicios nacional 0% -19%R (0%),0,2015-01-01,Exento Servicios
Prestación servicios nacional 0% -19%R (-19%),-19,2015-01-01,Exento Servicios
Prestación servicios nacional 0% -21%R,0,2012-09-01,Exento Servicios
Prestación servicios nacional 0% -21%R (0%),0,2012-09-01,Exento Servicios
Prestación servicios nacional 0% -21%R (-21%),-21,2012-09-01,Exento Servicios
Prestación servicios nacional 0% -24%R,0,2016-01-01,Exento Servicios
Prestación servicios nacional 0% -24%R (0%),0,2016-01-01,Exento Servicios
Prestación servicios nacional 0% -24%R (-24%),-24,2016-01-01,Exento Servicios
Prestación servicios nacional 0% -7%R,0,2015-07-12,Exento Servicios
Prestación servicios nacional 0% -7%R (0%),0,2015-07-12,Exento Servicios
Prestación servicios nacional 0% -7%R (-7%),-7,2015-07-12,Exento Servicios
Prestación servicios nacional 0% -9%R,0,2012-09-01,Exento Servicios
Prestación servicios nacional 0% -9%R (0%),0,2012-09-01,Exento Servicios
Prestación servicios nacional 0% -9%R (-9%),-9,2012-09-01,Exento Servicios
Prestación servicios nacional 10% ,10,2012-09-01,IVA Reducido Servicios
Prestación servicios nacional 10% -15%R,10,2015-07-12,IVA Reducido Servicios
Prestación servicios nacional 10% -15%R (+10%),10,2015-07-12,IVA Reducido Servicios
Prestación servicios nacional 10% -15%R (-15%),-15,2015-07-12,IVA Reducido Servicios
Prestación servicios nacional 10% -7%R,10,2015-07-12,IVA Reducido Servicios
Prestación servicios nacional 10% -7%R (+10%),10,2015-07-12,IVA Reducido Servicios
Prestación servicios nacional 10% -7%R (-7%),-7,2015-07-12,IVA Reducido Servicios
Prestación servicios nacional 10% -9%R,10,2012-09-01,IVA Reducido Servicios
Prestación servicios nacional 10% -9%R (+10%),10,2012-09-01,IVA Reducido Servicios
Prestación servicios nacional 10% -9%R (-9%),-9,2012-09-01,IVA Reducido Servicios
Prestación servicios nacional 21% ,21,2012-09-01,IVA Normal Servicios
Prestación servicios nacional 21% -15%R,21,2015-07-12,IVA Normal Servicios
Prestación servicios nacional 21% -15%R (-15%),-15,2015-07-12,IVA Normal Servicios
Prestación servicios nacional 21% -15%R (+21%),21,2015-07-12,IVA Normal Servicios
Prestación servicios nacional 21% -19%R,21,2015-01-01,IVA Normal Servicios
Prestación servicios nacional 21% -19%R (-19%),-19,2015-01-01,IVA Normal Servicios
Prestación servicios nacional 21% -19%R (+21%),21,2015-01-01,IVA Normal Servicios
Prestación servicios nacional 21% -1%R,21,2012-09-01,IVA Normal Servicios
Prestación servicios nacional 21% -1%R (-1%),-1,2012-09-01,IVA Normal Servicios
Prestación servicios nacional 21% -1%R (21%),21,2012-09-01,IVA Normal Servicios
Prestación servicios nacional 21% -21%R,21,2012-09-01,IVA Normal Servicios
Prestación servicios nacional 21% -21%R (+21%),21,2012-09-01,IVA Normal Servicios
Prestación servicios nacional 21% -21%R (-21%),-21,2012-09-01,IVA Normal Servicios
Prestación servicios nacional 21% -24%R,21,2016-01-01,IVA Normal Servicios
Prestación servicios nacional 21% -24%R (+21%),21,2016-01-01,IVA Normal Servicios
Prestación servicios nacional 21% -24%R (-24%),-24,2016-01-01,IVA Normal Servicios
Prestación servicios nacional 21% -7%R,21,2015-07-12,IVA Normal Servicios
Prestación servicios nacional 21% -7%R (+21%),21,2015-07-12,IVA Normal Servicios
Prestación servicios nacional 21% -7%R (-7%),-7,2015-07-12,IVA Normal Servicios
Prestación servicios nacional 21% -9%R,21,2012-09-01,IVA Normal Servicios
Prestación servicios nacional 21% -9%R (+21%),21,2012-09-01,IVA Normal Servicios
Prestación servicios nacional 21% -9%R (-9%),-9,2012-09-01,IVA Normal Servicios
Prestación servicios nacional 4%,4,2001-01-01,IVA Super Reducido Servicios
Prestación servicios nacional 4% - 9%R,4,2012-09-01,IVA Super Reducido Servicios
Prestación servicios nacional 4% -9%R (+4%),4,2012-09-01,IVA Super Reducido Servicios
Prestación servicios nacional 4% -9%R (-9%),-9,2012-09-01,IVA Super Reducido Servicios
Prestación servicios nacional 5%,5,2022-07-01,IVA Super Reducido Servicios
Prestación servicios no residente 0% -19%R,0,2016-01-01,Exento Servicios
Prestación servicios no residente 0% -19%R (0%),0,2016-01-01,Exento Servicios
Prestación servicios no residente 0% -19%R (-19%),-19,2016-01-01,Exento Servicios
Prestación servicios no sujetas,0,2000-01-01,No Sujeto Servicios
Prestación servicios profesionales nacional 0% -15%R,0,2015-07-12,Exento Servicios
Prestación servicios profesionales nacional 0% -15%R (0%),0,2015-07-12,Exento Servicios
Prestación servicios profesionales nacional 0% -15%R (-15%),-15,2015-07-12,Exento Servicios
"Servicios a Canarias, Ceuta y Melilla (%N=>0%)",0,2000-01-01,IVA Normal Servicios
"Servicios a Canarias, Ceuta y Melilla (%R=>0%)",0,2000-01-01,IVA Reducido Servicios
"Servicios a Canarias, Ceuta y Melilla (%SR=>0%)",0,2000-01-01,IVA Super Reducido Servicios
Servicios prestados en Canarias 15%,15,2020-01-01,IGIC Incrementado 2 Servicios
Servicios prestados en Canarias 3%,3,2012-07-01,IGIC Reducido Servicios
Servicios prestados en Canarias 7%,7,2020-01-01,IGIC General Servicios
Servicios prestados en Canarias 9.5%,9.5,2012-07-01,IGIC Incrementado 1 Servicios
Servicios prestados en Ceuta/Melilla 10%,10,2012-07-01,IPSI Incrementado 1 Servicios
Servicios prestados en Ceuta/Melilla 4%,4,2012-07-01,IPSI General Servicios
Servicios prestados exentos con derecho a deducción,0,2000-01-01,Exento Servicios
Servicios prestados exentos sin derecho a deducción,0,2001-01-01,Exento Servicios
Servicios prestados internacional (%N=>0%),0,2001-01-01,IVA Normal Servicios
Servicios prestados internacional (%R=>0%),0,2001-01-01,IVA Reducido Servicios
Servicios prestados nacional 0%,0,9999-01-01,IVA Cero Servicios
Servicios prestados nacional 10%,10,2012-09-01,IVA Reducido Servicios
Servicios prestados nacional 21%,21,2012-09-01,IVA Normal Servicios
Servicios prestados nacional 21% -15%R,21,2015-07-12,IVA Normal Servicios
Servicios prestados nacional 21% -15%R (-15%),-15,2015-07-12,IVA Normal Servicios
Servicios prestados nacional 21% -15%R (+21%),21,2015-07-12,IVA Normal Servicios
Servicios prestados nacional 21% -19%R,21,2015-01-01,IVA Normal Servicios
Servicios prestados nacional 21% -19%R (-19%),-19,2015-01-01,IVA Normal Servicios
Servicios prestados nacional 21% -19%R (+21%),21,2015-01-01,IVA Normal Servicios
Servicios prestados nacional 21% -21%R,21,2012-09-01,IVA Normal Servicios
Servicios prestados nacional 21% -21%R (+21%),21,2012-09-01,IVA Normal Servicios
Servicios prestados nacional 21% -21%R (-21%),-21,2012-09-01,IVA Normal Servicios
Servicios prestados nacional 21%-24%R,0,2016-01-01,IVA Normal Servicios
Servicios prestados nacional 21%-24%R (+21%),21,2016-01-01,IVA Normal Servicios
Servicios prestados nacional 21%-24%R (-24%),-24,2016-01-01,IVA Normal Servicios
Servicios prestados nacional 21% -7%R,21,2015-07-12,IVA Normal Servicios
Servicios prestados nacional 21% -7%R (+21%),21,2015-07-12,IVA Normal Servicios
Servicios prestados nacional 21% -7%R (-7%),-7,2015-07-12,IVA Normal Servicios
Servicios prestados nacional 21% -9%R,21,2012-09-01,IVA Normal Servicios
Servicios prestados nacional 21% -9%R (+21%),21,2012-09-01,IVA Normal Servicios
Servicios prestados nacional 21% -9%R (-9%),-9,2012-09-01,IVA Normal Servicios
Servicios prestados nacional 4%,4,2001-01-01,IVA Super Reducido Servicios
Servicios prestados nacional 5%,5,2022-07-01,IVA Super Reducido Servicios
Servicios prestados no sujetos con dcho deducción,0,2001-01-01,No Sujeto Servicios
Servicios prestados UE (%N=>0%),0,2001-01-01,IVA Normal Servicios
Servicios prestados UE (%R=>0%),0,2001-01-01,IVA Reducido Servicios
Transmisión B.Inmuebles 10%,10,2012-09-01,IVA Reducido B.Inmuebles
Transmisión B.Inmuebles 21%,21,2012-09-01,IVA Normal B.Inmuebles
